customer_id,tier,score,top_reason,emi_amount,expected_loss,action,message,signal_groups,escalated,model_version,thresholds
C000840,Red,1.0,pressure on cash-flow,39398,39398.0,human_offer,"Hi C000840, based on pressure on cash-flow you qualify for support BEFORE your EMI is missed. Choose: payment-holiday (1 EMI pause, no late fee), EMI split x2, tenure +3mo restructure. Reply HOLIDAY / SPLIT / RESTRUCTURE.",liquidity+behavioral,False,sklearn_hgb,"{""amber_min"": 0.3, ""red_min"": 0.6}"
C000320,Red,1.0,avg_balance_28d=2603.81,39236,39236.0,human_offer,"Hi C000320, based on avg_balance_28d=2603.81 you qualify for support BEFORE your EMI is missed. Choose: payment-holiday (1 EMI pause, no late fee), EMI split x2, tenure +3mo restructure. Reply HOLIDAY / SPLIT / RESTRUCTURE.",liquidity+discipline+borrowing,False,sklearn_hgb,"{""amber_min"": 0.3, ""red_min"": 0.6}"
C000889,Red,1.0,pressure on cash-flow,38618,38618.0,human_offer,"Hi C000889, based on pressure on cash-flow you qualify for support BEFORE your EMI is missed. Choose: payment-holiday (1 EMI pause, no late fee), EMI split x2, tenure +3mo restructure. Reply HOLIDAY / SPLIT / RESTRUCTURE.",liquidity+discipline+borrowing,False,sklearn_hgb,"{""amber_min"": 0.3, ""red_min"": 0.6}"
C001977,Red,1.0,pressure on cash-flow,38251,38251.0,human_offer,"Hi C001977, based on pressure on cash-flow you qualify for support BEFORE your EMI is missed. Choose: payment-holiday (1 EMI pause, no late fee), EMI split x2, tenure +3mo restructure. Reply HOLIDAY / SPLIT / RESTRUCTURE.",discipline+behavioral,False,sklearn_hgb,"{""amber_min"": 0.3, ""red_min"": 0.6}"
C001532,Red,1.0,pressure on cash-flow,38054,38054.0,human_offer,"Hi C001532, based on pressure on cash-flow you qualify for support BEFORE your EMI is missed. Choose: payment-holiday (1 EMI pause, no late fee), EMI split x2, tenure +3mo restructure. Reply HOLIDAY / SPLIT / RESTRUCTURE.",liquidity+discipline,False,sklearn_hgb,"{""amber_min"": 0.3, ""red_min"": 0.6}"
C000146,Red,1.0,avg_balance_28d=29452.54,37980,37980.0,human_offer,"Hi C000146, based on avg_balance_28d=29452.54 you qualify for support BEFORE your EMI is missed. Choose: payment-holiday (1 EMI pause, no late fee), EMI split x2, tenure +3mo restructure. Reply HOLIDAY / SPLIT / RESTRUCTURE.",liquidity+discipline,False,sklearn_hgb,"{""amber_min"": 0.3, ""red_min"": 0.6}"
C001693,Red,1.0,pressure on cash-flow,37947,37947.0,human_offer,"Hi C001693, based on pressure on cash-flow you qualify for support BEFORE your EMI is missed. Choose: payment-holiday (1 EMI pause, no late fee), EMI split x2, tenure +3mo restructure. Reply HOLIDAY / SPLIT / RESTRUCTURE.",discipline+borrowing,False,sklearn_hgb,"{""amber_min"": 0.3, ""red_min"": 0.6}"
C000169,Red,1.0,emi_to_income=0.91,37657,37657.0,human_offer,"Hi C000169, based on emi_to_income=0.91 you qualify for support BEFORE your EMI is missed. Choose: payment-holiday (1 EMI pause, no late fee), EMI split x2, tenure +3mo restructure. Reply HOLIDAY / SPLIT / RESTRUCTURE.",liquidity+behavioral,False,sklearn_hgb,"{""amber_min"": 0.3, ""red_min"": 0.6}"
C000743,Red,0.9286,pressure on cash-flow,39895,37046.5,human_offer,"Hi C000743, based on pressure on cash-flow you qualify for support BEFORE your EMI is missed. Choose: payment-holiday (1 EMI pause, no late fee), EMI split x2, tenure +3mo restructure. Reply HOLIDAY / SPLIT / RESTRUCTURE.",liquidity+discipline,False,sklearn_hgb,"{""amber_min"": 0.3, ""red_min"": 0.6}"
C001487,Red,1.0,pressure on cash-flow,36392,36392.0,human_offer,"Hi C001487, based on pressure on cash-flow you qualify for support BEFORE your EMI is missed. Choose: payment-holiday (1 EMI pause, no late fee), EMI split x2, tenure +3mo restructure. Reply HOLIDAY / SPLIT / RESTRUCTURE.",liquidity+discipline,False,sklearn_hgb,"{""amber_min"": 0.3, ""red_min"": 0.6}"
C001691,Red,1.0,pressure on cash-flow,36121,36121.0,human_offer,"Hi C001691, based on pressure on cash-flow you qualify for support BEFORE your EMI is missed. Choose: payment-holiday (1 EMI pause, no late fee), EMI split x2, tenure +3mo restructure. Reply HOLIDAY / SPLIT / RESTRUCTURE.",liquidity+discipline,False,sklearn_hgb,"{""amber_min"": 0.3, ""red_min"": 0.6}"
C000077,Red,1.0,avg_balance_28d=9452.02,35958,35958.0,human_offer,"Hi C000077, based on avg_balance_28d=9452.02 you qualify for support BEFORE your EMI is missed. Choose: payment-holiday (1 EMI pause, no late fee), EMI split x2, tenure +3mo restructure. Reply HOLIDAY / SPLIT / RESTRUCTURE.",discipline+borrowing,False,sklearn_hgb,"{""amber_min"": 0.3, ""red_min"": 0.6}"
C000616,Red,0.9286,pressure on cash-flow,38673,35911.75,human_offer,"Hi C000616, based on pressure on cash-flow you qualify for support BEFORE your EMI is missed. Choose: payment-holiday (1 EMI pause, no late fee), EMI split x2, tenure +3mo restructure. Reply HOLIDAY / SPLIT / RESTRUCTURE.",discipline+behavioral,False,sklearn_hgb,"{""amber_min"": 0.3, ""red_min"": 0.6}"
C000338,Red,1.0,avg_balance_28d=19124.03,35861,35861.0,human_offer,"Hi C000338, based on avg_balance_28d=19124.03 you qualify for support BEFORE your EMI is missed. Choose: payment-holiday (1 EMI pause, no late fee), EMI split x2, tenure +3mo restructure. Reply HOLIDAY / SPLIT / RESTRUCTURE.",discipline+behavioral,False,sklearn_hgb,"{""amber_min"": 0.3, ""red_min"": 0.6}"
C000045,Red,1.0,avg_balance_28d=-14018.33,35768,35768.0,human_offer,"Hi C000045, based on avg_balance_28d=-14018.33 you qualify for support BEFORE your EMI is missed. Choose: payment-holiday (1 EMI pause, no late fee), EMI split x2, tenure +3mo restructure. Reply HOLIDAY / SPLIT / RESTRUCTURE.",discipline+borrowing+behavioral,False,sklearn_hgb,"{""amber_min"": 0.3, ""red_min"": 0.6}"
C001562,Red,1.0,pressure on cash-flow,35168,35168.0,human_offer,"Hi C001562, based on pressure on cash-flow you qualify for support BEFORE your EMI is missed. Choose: payment-holiday (1 EMI pause, no late fee), EMI split x2, tenure +3mo restructure. Reply HOLIDAY / SPLIT / RESTRUCTURE.",liquidity+discipline+borrowing+behavioral,False,sklearn_hgb,"{""amber_min"": 0.3, ""red_min"": 0.6}"
C001050,Red,1.0,pressure on cash-flow,34841,34841.0,human_offer,"Hi C001050, based on pressure on cash-flow you qualify for support BEFORE your EMI is missed. Choose: payment-holiday (1 EMI pause, no late fee), EMI split x2, tenure +3mo restructure. Reply HOLIDAY / SPLIT / RESTRUCTURE.",liquidity+discipline+borrowing+cash,False,sklearn_hgb,"{""amber_min"": 0.3, ""red_min"": 0.6}"
C001142,Red,1.0,pressure on cash-flow,33459,33459.0,human_offer,"Hi C001142, based on pressure on cash-flow you qualify for support BEFORE your EMI is missed. Choose: payment-holiday (1 EMI pause, no late fee), EMI split x2, tenure +3mo restructure. Reply HOLIDAY / SPLIT / RESTRUCTURE.",liquidity+discipline+borrowing,False,sklearn_hgb,"{""amber_min"": 0.3, ""red_min"": 0.6}"
C001694,Red,0.9286,pressure on cash-flow,35646,33100.88,human_offer,"Hi C001694, based on pressure on cash-flow you qualify for support BEFORE your EMI is missed. Choose: payment-holiday (1 EMI pause, no late fee), EMI split x2, tenure +3mo restructure. Reply HOLIDAY / SPLIT / RESTRUCTURE.",discipline+behavioral,False,sklearn_hgb,"{""amber_min"": 0.3, ""red_min"": 0.6}"
C000835,Red,0.8511,pressure on cash-flow,38597,32849.91,human_offer,"Hi C000835, based on pressure on cash-flow you qualify for support BEFORE your EMI is missed. Choose: payment-holiday (1 EMI pause, no late fee), EMI split x2, tenure +3mo restructure. Reply HOLIDAY / SPLIT / RESTRUCTURE.",liquidity+discipline+borrowing+behavioral,False,sklearn_hgb,"{""amber_min"": 0.3, ""red_min"": 0.6}"
C000547,Red,0.9286,pressure on cash-flow,35089,32583.65,human_offer,"Hi C000547, based on pressure on cash-flow you qualify for support BEFORE your EMI is missed. Choose: payment-holiday (1 EMI pause, no late fee), EMI split x2, tenure +3mo restructure. Reply HOLIDAY / SPLIT / RESTRUCTURE.",liquidity+discipline+behavioral,False,sklearn_hgb,"{""amber_min"": 0.3, ""red_min"": 0.6}"
C000735,Red,1.0,pressure on cash-flow,32442,32442.0,human_offer,"Hi C000735, based on pressure on cash-flow you qualify for support BEFORE your EMI is missed. Choose: payment-holiday (1 EMI pause, no late fee), EMI split x2, tenure +3mo restructure. Reply HOLIDAY / SPLIT / RESTRUCTURE.",liquidity+discipline+borrowing,False,sklearn_hgb,"{""amber_min"": 0.3, ""red_min"": 0.6}"
C001059,Red,0.9688,pressure on cash-flow,33369,32327.89,human_offer,"Hi C001059, based on pressure on cash-flow you qualify for support BEFORE your EMI is missed. Choose: payment-holiday (1 EMI pause, no late fee), EMI split x2, tenure +3mo restructure. Reply HOLIDAY / SPLIT / RESTRUCTURE.",liquidity+discipline,False,sklearn_hgb,"{""amber_min"": 0.3, ""red_min"": 0.6}"
C001614,Red,1.0,pressure on cash-flow,32025,32025.0,human_offer,"Hi C001614, based on pressure on cash-flow you qualify for support BEFORE your EMI is missed. Choose: payment-holiday (1 EMI pause, no late fee), EMI split x2, tenure +3mo restructure. Reply HOLIDAY / SPLIT / RESTRUCTURE.",discipline+borrowing,False,sklearn_hgb,"{""amber_min"": 0.3, ""red_min"": 0.6}"
C000235,Red,1.0,avg_balance_28d=-46939.73,31834,31834.0,human_offer,"Hi C000235, based on avg_balance_28d=-46939.73 you qualify for support BEFORE your EMI is missed. Choose: payment-holiday (1 EMI pause, no late fee), EMI split x2, tenure +3mo restructure. Reply HOLIDAY / SPLIT / RESTRUCTURE.",discipline+borrowing,False,sklearn_hgb,"{""amber_min"": 0.3, ""red_min"": 0.6}"
C001853,Red,0.9286,pressure on cash-flow,33678,31273.39,human_offer,"Hi C001853, based on pressure on cash-flow you qualify for support BEFORE your EMI is missed. Choose: payment-holiday (1 EMI pause, no late fee), EMI split x2, tenure +3mo restructure. Reply HOLIDAY / SPLIT / RESTRUCTURE.",liquidity+discipline+borrowing+behavioral,False,sklearn_hgb,"{""amber_min"": 0.3, ""red_min"": 0.6}"
C000018,Red,0.9286,avg_balance_28d=28933.58,33480,31089.53,human_offer,"Hi C000018, based on avg_balance_28d=28933.58 you qualify for support BEFORE your EMI is missed. Choose: payment-holiday (1 EMI pause, no late fee), EMI split x2, tenure +3mo restructure. Reply HOLIDAY / SPLIT / RESTRUCTURE.",liquidity+discipline,False,sklearn_hgb,"{""amber_min"": 0.3, ""red_min"": 0.6}"
C001450,Red,0.9583,pressure on cash-flow,32112,30772.93,human_offer,"Hi C001450, based on pressure on cash-flow you qualify for support BEFORE your EMI is missed. Choose: payment-holiday (1 EMI pause, no late fee), EMI split x2, tenure +3mo restructure. Reply HOLIDAY / SPLIT / RESTRUCTURE.",liquidity+discipline,False,sklearn_hgb,"{""amber_min"": 0.3, ""red_min"": 0.6}"
C000806,Red,1.0,pressure on cash-flow,30762,30762.0,human_offer,"Hi C000806, based on pressure on cash-flow you qualify for support BEFORE your EMI is missed. Choose: payment-holiday (1 EMI pause, no late fee), EMI split x2, tenure +3mo restructure. Reply HOLIDAY / SPLIT / RESTRUCTURE.",liquidity+discipline+borrowing+behavioral,False,sklearn_hgb,"{""amber_min"": 0.3, ""red_min"": 0.6}"
C001096,Red,0.9583,pressure on cash-flow,31848,30519.94,human_offer,"Hi C001096, based on pressure on cash-flow you qualify for support BEFORE your EMI is missed. Choose: payment-holiday (1 EMI pause, no late fee), EMI split x2, tenure +3mo restructure. Reply HOLIDAY / SPLIT / RESTRUCTURE.",discipline+behavioral,False,sklearn_hgb,"{""amber_min"": 0.3, ""red_min"": 0.6}"
C000389,Red,0.8511,avg_balance_28d=30753.41,35812,30479.59,human_offer,"Hi C000389, based on avg_balance_28d=30753.41 you qualify for support BEFORE your EMI is missed. Choose: payment-holiday (1 EMI pause, no late fee), EMI split x2, tenure +3mo restructure. Reply HOLIDAY / SPLIT / RESTRUCTURE.",liquidity+discipline,False,sklearn_hgb,"{""amber_min"": 0.3, ""red_min"": 0.6}"
C001167,Red,1.0,pressure on cash-flow,30093,30093.0,human_offer,"Hi C001167, based on pressure on cash-flow you qualify for support BEFORE your EMI is missed. Choose: payment-holiday (1 EMI pause, no late fee), EMI split x2, tenure +3mo restructure. Reply HOLIDAY / SPLIT / RESTRUCTURE.",discipline+borrowing,False,sklearn_hgb,"{""amber_min"": 0.3, ""red_min"": 0.6}"
C001094,Red,1.0,pressure on cash-flow,29828,29828.0,human_offer,"Hi C001094, based on pressure on cash-flow you qualify for support BEFORE your EMI is missed. Choose: payment-holiday (1 EMI pause, no late fee), EMI split x2, tenure +3mo restructure. Reply HOLIDAY / SPLIT / RESTRUCTURE.",liquidity+discipline+borrowing,False,sklearn_hgb,"{""amber_min"": 0.3, ""red_min"": 0.6}"
C001312,Red,0.9782,pressure on cash-flow,29731,29082.86,human_offer,"Hi C001312, based on pressure on cash-flow you qualify for support BEFORE your EMI is missed. Choose: payment-holiday (1 EMI pause, no late fee), EMI split x2, tenure +3mo restructure. Reply HOLIDAY / SPLIT / RESTRUCTURE.",discipline+borrowing,False,sklearn_hgb,"{""amber_min"": 0.3, ""red_min"": 0.6}"
C001022,Red,1.0,pressure on cash-flow,28306,28306.0,human_offer,"Hi C001022, based on pressure on cash-flow you qualify for support BEFORE your EMI is missed. Choose: payment-holiday (1 EMI pause, no late fee), EMI split x2, tenure +3mo restructure. Reply HOLIDAY / SPLIT / RESTRUCTURE.",liquidity+discipline,False,sklearn_hgb,"{""amber_min"": 0.3, ""red_min"": 0.6}"
C000003,Red,1.0,avg_balance_28d=-9562.63,28202,28202.0,human_offer,"Hi C000003, based on avg_balance_28d=-9562.63 you qualify for support BEFORE your EMI is missed. Choose: payment-holiday (1 EMI pause, no late fee), EMI split x2, tenure +3mo restructure. Reply HOLIDAY / SPLIT / RESTRUCTURE.",liquidity+discipline+borrowing+behavioral,False,sklearn_hgb,"{""amber_min"": 0.3, ""red_min"": 0.6}"
C000849,Red,0.7342,pressure on cash-flow,37636,27632.35,human_offer,"Hi C000849, based on pressure on cash-flow you qualify for support BEFORE your EMI is missed. Choose: payment-holiday (1 EMI pause, no late fee), EMI split x2, tenure +3mo restructure. Reply HOLIDAY / SPLIT / RESTRUCTURE.",liquidity+discipline,False,sklearn_hgb,"{""amber_min"": 0.3, ""red_min"": 0.6}"
C000779,Red,0.7342,pressure on cash-flow,37556,27573.62,human_offer,"Hi C000779, based on pressure on cash-flow you qualify for support BEFORE your EMI is missed. Choose: payment-holiday (1 EMI pause, no late fee), EMI split x2, tenure +3mo restructure. Reply HOLIDAY / SPLIT / RESTRUCTURE.",liquidity+discipline+borrowing+behavioral,False,sklearn_hgb,"{""amber_min"": 0.3, ""red_min"": 0.6}"
C001245,Red,1.0,pressure on cash-flow,27457,27457.0,human_offer,"Hi C001245, based on pressure on cash-flow you qualify for support BEFORE your EMI is missed. Choose: payment-holiday (1 EMI pause, no late fee), EMI split x2, tenure +3mo restructure. Reply HOLIDAY / SPLIT / RESTRUCTURE.",discipline+behavioral,False,sklearn_hgb,"{""amber_min"": 0.3, ""red_min"": 0.6}"
C001207,Red,0.7342,pressure on cash-flow,36864,27065.55,human_offer,"Hi C001207, based on pressure on cash-flow you qualify for support BEFORE your EMI is missed. Choose: payment-holiday (1 EMI pause, no late fee), EMI split x2, tenure +3mo restructure. Reply HOLIDAY / SPLIT / RESTRUCTURE.",liquidity+discipline,False,sklearn_hgb,"{""amber_min"": 0.3, ""red_min"": 0.6}"
C000716,Red,0.9688,pressure on cash-flow,27806,26938.45,human_offer,"Hi C000716, based on pressure on cash-flow you qualify for support BEFORE your EMI is missed. Choose: payment-holiday (1 EMI pause, no late fee), EMI split x2, tenure +3mo restructure. Reply HOLIDAY / SPLIT / RESTRUCTURE.",discipline+borrowing,False,sklearn_hgb,"{""amber_min"": 0.3, ""red_min"": 0.6}"
C001710,Red,1.0,pressure on cash-flow,26807,26807.0,human_offer,"Hi C001710, based on pressure on cash-flow you qualify for support BEFORE your EMI is missed. Choose: payment-holiday (1 EMI pause, no late fee), EMI split x2, tenure +3mo restructure. Reply HOLIDAY / SPLIT / RESTRUCTURE.",discipline+behavioral+cash,False,sklearn_hgb,"{""amber_min"": 0.3, ""red_min"": 0.6}"
C000241,Red,1.0,avg_balance_28d=15756.54,26792,26792.0,human_offer,"Hi C000241, based on avg_balance_28d=15756.54 you qualify for support BEFORE your EMI is missed. Choose: payment-holiday (1 EMI pause, no late fee), EMI split x2, tenure +3mo restructure. Reply HOLIDAY / SPLIT / RESTRUCTURE.",discipline+behavioral+cash,False,sklearn_hgb,"{""amber_min"": 0.3, ""red_min"": 0.6}"
C000102,Red,0.7342,Low 14d balance Rs.55577,36256,26619.16,human_offer,"Hi C000102, based on Low 14d balance Rs.55577 you qualify for support BEFORE your EMI is missed. Choose: payment-holiday (1 EMI pause, no late fee), EMI split x2, tenure +3mo restructure. Reply HOLIDAY / SPLIT / RESTRUCTURE.",liquidity+discipline,False,sklearn_hgb,"{""amber_min"": 0.3, ""red_min"": 0.6}"
C001608,Red,1.0,pressure on cash-flow,26541,26541.0,human_offer,"Hi C001608, based on pressure on cash-flow you qualify for support BEFORE your EMI is missed. Choose: payment-holiday (1 EMI pause, no late fee), EMI split x2, tenure +3mo restructure. Reply HOLIDAY / SPLIT / RESTRUCTURE.",liquidity+discipline,False,sklearn_hgb,"{""amber_min"": 0.3, ""red_min"": 0.6}"
C000684,Red,1.0,pressure on cash-flow,26501,26501.0,human_offer,"Hi C000684, based on pressure on cash-flow you qualify for support BEFORE your EMI is missed. Choose: payment-holiday (1 EMI pause, no late fee), EMI split x2, tenure +3mo restructure. Reply HOLIDAY / SPLIT / RESTRUCTURE.",liquidity+discipline+borrowing,False,sklearn_hgb,"{""amber_min"": 0.3, ""red_min"": 0.6}"
C001473,Red,1.0,pressure on cash-flow,26445,26445.0,human_offer,"Hi C001473, based on pressure on cash-flow you qualify for support BEFORE your EMI is missed. Choose: payment-holiday (1 EMI pause, no late fee), EMI split x2, tenure +3mo restructure. Reply HOLIDAY / SPLIT / RESTRUCTURE.",liquidity+discipline,False,sklearn_hgb,"{""amber_min"": 0.3, ""red_min"": 0.6}"
C001753,Red,1.0,pressure on cash-flow,26258,26258.0,human_offer,"Hi C001753, based on pressure on cash-flow you qualify for support BEFORE your EMI is missed. Choose: payment-holiday (1 EMI pause, no late fee), EMI split x2, tenure +3mo restructure. Reply HOLIDAY / SPLIT / RESTRUCTURE.",discipline+borrowing,False,sklearn_hgb,"{""amber_min"": 0.3, ""red_min"": 0.6}"
C000859,Red,0.9688,pressure on cash-flow,26035,25222.71,human_offer,"Hi C000859, based on pressure on cash-flow you qualify for support BEFORE your EMI is missed. Choose: payment-holiday (1 EMI pause, no late fee), EMI split x2, tenure +3mo restructure. Reply HOLIDAY / SPLIT / RESTRUCTURE.",liquidity+discipline+borrowing,False,sklearn_hgb,"{""amber_min"": 0.3, ""red_min"": 0.6}"
C000922,Red,0.9286,pressure on cash-flow,27107,25171.56,human_offer,"Hi C000922, based on pressure on cash-flow you qualify for support BEFORE your EMI is missed. Choose: payment-holiday (1 EMI pause, no late fee), EMI split x2, tenure +3mo restructure. Reply HOLIDAY / SPLIT / RESTRUCTURE.",liquidity+discipline+borrowing,False,sklearn_hgb,"{""amber_min"": 0.3, ""red_min"": 0.6}"
C001197,Red,1.0,pressure on cash-flow,25106,25106.0,human_offer,"Hi C001197, based on pressure on cash-flow you qualify for support BEFORE your EMI is missed. Choose: payment-holiday (1 EMI pause, no late fee), EMI split x2, tenure +3mo restructure. Reply HOLIDAY / SPLIT / RESTRUCTURE.",liquidity+discipline+borrowing,False,sklearn_hgb,"{""amber_min"": 0.3, ""red_min"": 0.6}"
C001472,Red,0.6805,pressure on cash-flow,36794,25038.32,human_offer,"Hi C001472, based on pressure on cash-flow you qualify for support BEFORE your EMI is missed. Choose: payment-holiday (1 EMI pause, no late fee), EMI split x2, tenure +3mo restructure. Reply HOLIDAY / SPLIT / RESTRUCTURE.",discipline+borrowing,False,sklearn_hgb,"{""amber_min"": 0.3, ""red_min"": 0.6}"
C001173,Red,1.0,pressure on cash-flow,24903,24903.0,human_offer,"Hi C001173, based on pressure on cash-flow you qualify for support BEFORE your EMI is missed. Choose: payment-holiday (1 EMI pause, no late fee), EMI split x2, tenure +3mo restructure. Reply HOLIDAY / SPLIT / RESTRUCTURE.",liquidity+discipline+borrowing+cash,False,sklearn_hgb,"{""amber_min"": 0.3, ""red_min"": 0.6}"
C000632,Red,1.0,pressure on cash-flow,23914,23914.0,human_offer,"Hi C000632, based on pressure on cash-flow you qualify for support BEFORE your EMI is missed. Choose: payment-holiday (1 EMI pause, no late fee), EMI split x2, tenure +3mo restructure. Reply HOLIDAY / SPLIT / RESTRUCTURE.",liquidity+discipline+borrowing,False,sklearn_hgb,"{""amber_min"": 0.3, ""red_min"": 0.6}"
C000542,Red,0.8511,pressure on cash-flow,28005,23835.06,human_offer,"Hi C000542, based on pressure on cash-flow you qualify for support BEFORE your EMI is missed. Choose: payment-holiday (1 EMI pause, no late fee), EMI split x2, tenure +3mo restructure. Reply HOLIDAY / SPLIT / RESTRUCTURE.",liquidity+discipline,False,sklearn_hgb,"{""amber_min"": 0.3, ""red_min"": 0.6}"
C001494,Red,0.619,pressure on cash-flow,37712,23343.73,human_offer,"Hi C001494, based on pressure on cash-flow you qualify for support BEFORE your EMI is missed. Choose: payment-holiday (1 EMI pause, no late fee), EMI split x2, tenure +3mo restructure. Reply HOLIDAY / SPLIT / RESTRUCTURE.",discipline+behavioral,False,sklearn_hgb,"{""amber_min"": 0.3, ""red_min"": 0.6}"
C001420,Red,0.9688,pressure on cash-flow,24000,23251.2,human_offer,"Hi C001420, based on pressure on cash-flow you qualify for support BEFORE your EMI is missed. Choose: payment-holiday (1 EMI pause, no late fee), EMI split x2, tenure +3mo restructure. Reply HOLIDAY / SPLIT / RESTRUCTURE.",discipline+borrowing,False,sklearn_hgb,"{""amber_min"": 0.3, ""red_min"": 0.6}"
C000380,Red,0.7342,avg_balance_28d=35040.99,31071,22812.33,human_offer,"Hi C000380, based on avg_balance_28d=35040.99 you qualify for support BEFORE your EMI is missed. Choose: payment-holiday (1 EMI pause, no late fee), EMI split x2, tenure +3mo restructure. Reply HOLIDAY / SPLIT / RESTRUCTURE.",discipline+behavioral,False,sklearn_hgb,"{""amber_min"": 0.3, ""red_min"": 0.6}"
C000727,Red,0.619,pressure on cash-flow,36506,22597.21,human_offer,"Hi C000727, based on pressure on cash-flow you qualify for support BEFORE your EMI is missed. Choose: payment-holiday (1 EMI pause, no late fee), EMI split x2, tenure +3mo restructure. Reply HOLIDAY / SPLIT / RESTRUCTURE.",liquidity+discipline,False,sklearn_hgb,"{""amber_min"": 0.3, ""red_min"": 0.6}"
C001158,Red,0.7342,pressure on cash-flow,30293,22241.12,human_offer,"Hi C001158, based on pressure on cash-flow you qualify for support BEFORE your EMI is missed. Choose: payment-holiday (1 EMI pause, no late fee), EMI split x2, tenure +3mo restructure. Reply HOLIDAY / SPLIT / RESTRUCTURE.",discipline+behavioral,False,sklearn_hgb,"{""amber_min"": 0.3, ""red_min"": 0.6}"
C000104,Red,1.0,avg_balance_28d=15401.06,22112,22112.0,human_offer,"Hi C000104, based on avg_balance_28d=15401.06 you qualify for support BEFORE your EMI is missed. Choose: payment-holiday (1 EMI pause, no late fee), EMI split x2, tenure +3mo restructure. Reply HOLIDAY / SPLIT / RESTRUCTURE.",liquidity+discipline,False,sklearn_hgb,"{""amber_min"": 0.3, ""red_min"": 0.6}"
C000872,Red,0.9688,pressure on cash-flow,22735,22025.67,human_offer,"Hi C000872, based on pressure on cash-flow you qualify for support BEFORE your EMI is missed. Choose: payment-holiday (1 EMI pause, no late fee), EMI split x2, tenure +3mo restructure. Reply HOLIDAY / SPLIT / RESTRUCTURE.",discipline+borrowing+behavioral,False,sklearn_hgb,"{""amber_min"": 0.3, ""red_min"": 0.6}"
C001201,Red,0.9286,pressure on cash-flow,23607,21921.46,human_offer,"Hi C001201, based on pressure on cash-flow you qualify for support BEFORE your EMI is missed. Choose: payment-holiday (1 EMI pause, no late fee), EMI split x2, tenure +3mo restructure. Reply HOLIDAY / SPLIT / RESTRUCTURE.",discipline+behavioral+cash,False,sklearn_hgb,"{""amber_min"": 0.3, ""red_min"": 0.6}"
C000239,Red,0.9583,avg_balance_28d=18767.09,22715,21767.78,human_offer,"Hi C000239, based on avg_balance_28d=18767.09 you qualify for support BEFORE your EMI is missed. Choose: payment-holiday (1 EMI pause, no late fee), EMI split x2, tenure +3mo restructure. Reply HOLIDAY / SPLIT / RESTRUCTURE.",discipline+behavioral+cash,False,sklearn_hgb,"{""amber_min"": 0.3, ""red_min"": 0.6}"
C000062,Red,0.619,emi_to_income=0.97,34758,21515.2,human_offer,"Hi C000062, based on emi_to_income=0.97 you qualify for support BEFORE your EMI is missed. Choose: payment-holiday (1 EMI pause, no late fee), EMI split x2, tenure +3mo restructure. Reply HOLIDAY / SPLIT / RESTRUCTURE.",liquidity+discipline+behavioral,False,sklearn_hgb,"{""amber_min"": 0.3, ""red_min"": 0.6}"
C001787,Red,0.619,pressure on cash-flow,34657,21452.68,human_offer,"Hi C001787, based on pressure on cash-flow you qualify for support BEFORE your EMI is missed. Choose: payment-holiday (1 EMI pause, no late fee), EMI split x2, tenure +3mo restructure. Reply HOLIDAY / SPLIT / RESTRUCTURE.",liquidity+discipline,False,sklearn_hgb,"{""amber_min"": 0.3, ""red_min"": 0.6}"
C000601,Red,0.8511,pressure on cash-flow,24390,20758.33,human_offer,"Hi C000601, based on pressure on cash-flow you qualify for support BEFORE your EMI is missed. Choose: payment-holiday (1 EMI pause, no late fee), EMI split x2, tenure +3mo restructure. Reply HOLIDAY / SPLIT / RESTRUCTURE.",liquidity+discipline+borrowing,False,sklearn_hgb,"{""amber_min"": 0.3, ""red_min"": 0.6}"
C001214,Red,0.9583,pressure on cash-flow,21652,20749.11,human_offer,"Hi C001214, based on pressure on cash-flow you qualify for support BEFORE your EMI is missed. Choose: payment-holiday (1 EMI pause, no late fee), EMI split x2, tenure +3mo restructure. Reply HOLIDAY / SPLIT / RESTRUCTURE.",liquidity+discipline+borrowing,False,sklearn_hgb,"{""amber_min"": 0.3, ""red_min"": 0.6}"
C001714,Red,0.7342,pressure on cash-flow,28146,20664.79,human_offer,"Hi C001714, based on pressure on cash-flow you qualify for support BEFORE your EMI is missed. Choose: payment-holiday (1 EMI pause, no late fee), EMI split x2, tenure +3mo restructure. Reply HOLIDAY / SPLIT / RESTRUCTURE.",liquidity+discipline+borrowing+behavioral,False,sklearn_hgb,"{""amber_min"": 0.3, ""red_min"": 0.6}"
C000322,Red,0.9286,avg_balance_28d=36439.10,22003,20431.99,human_offer,"Hi C000322, based on avg_balance_28d=36439.10 you qualify for support BEFORE your EMI is missed. Choose: payment-holiday (1 EMI pause, no late fee), EMI split x2, tenure +3mo restructure. Reply HOLIDAY / SPLIT / RESTRUCTURE.",liquidity+discipline+behavioral,False,sklearn_hgb,"{""amber_min"": 0.3, ""red_min"": 0.6}"
C001836,Red,0.619,pressure on cash-flow,32855,20337.24,human_offer,"Hi C001836, based on pressure on cash-flow you qualify for support BEFORE your EMI is missed. Choose: payment-holiday (1 EMI pause, no late fee), EMI split x2, tenure +3mo restructure. Reply HOLIDAY / SPLIT / RESTRUCTURE.",liquidity+discipline,False,sklearn_hgb,"{""amber_min"": 0.3, ""red_min"": 0.6}"
C001428,Red,0.7342,pressure on cash-flow,27422,20133.23,human_offer,"Hi C001428, based on pressure on cash-flow you qualify for support BEFORE your EMI is missed. Choose: payment-holiday (1 EMI pause, no late fee), EMI split x2, tenure +3mo restructure. Reply HOLIDAY / SPLIT / RESTRUCTURE.",discipline+behavioral,False,sklearn_hgb,"{""amber_min"": 0.3, ""red_min"": 0.6}"
C000865,Red,0.7143,pressure on cash-flow,28031,20022.54,human_offer,"Hi C000865, based on pressure on cash-flow you qualify for support BEFORE your EMI is missed. Choose: payment-holiday (1 EMI pause, no late fee), EMI split x2, tenure +3mo restructure. Reply HOLIDAY / SPLIT / RESTRUCTURE.",liquidity+discipline,False,sklearn_hgb,"{""amber_min"": 0.3, ""red_min"": 0.6}"
C000451,Red,0.9583,avg_balance_28d=-16236.75,20479,19625.03,human_offer,"Hi C000451, based on avg_balance_28d=-16236.75 you qualify for support BEFORE your EMI is missed. Choose: payment-holiday (1 EMI pause, no late fee), EMI split x2, tenure +3mo restructure. Reply HOLIDAY / SPLIT / RESTRUCTURE.",liquidity+discipline+borrowing,False,sklearn_hgb,"{""amber_min"": 0.3, ""red_min"": 0.6}"
C000360,Red,0.9286,avg_balance_28d=22495.80,20607,19135.66,human_offer,"Hi C000360, based on avg_balance_28d=22495.80 you qualify for support BEFORE your EMI is missed. Choose: payment-holiday (1 EMI pause, no late fee), EMI split x2, tenure +3mo restructure. Reply HOLIDAY / SPLIT / RESTRUCTURE.",liquidity+discipline+behavioral,False,sklearn_hgb,"{""amber_min"": 0.3, ""red_min"": 0.6}"
C001210,Red,0.9286,pressure on cash-flow,20045,18613.79,human_offer,"Hi C001210, based on pressure on cash-flow you qualify for support BEFORE your EMI is missed. Choose: payment-holiday (1 EMI pause, no late fee), EMI split x2, tenure +3mo restructure. Reply HOLIDAY / SPLIT / RESTRUCTURE.",discipline+behavioral,False,sklearn_hgb,"{""amber_min"": 0.3, ""red_min"": 0.6}"
C000163,Red,0.7342,avg_balance_28d=31490.93,25347,18609.77,human_offer,"Hi C000163, based on avg_balance_28d=31490.93 you qualify for support BEFORE your EMI is missed. Choose: payment-holiday (1 EMI pause, no late fee), EMI split x2, tenure +3mo restructure. Reply HOLIDAY / SPLIT / RESTRUCTURE.",liquidity+discipline+behavioral,False,sklearn_hgb,"{""amber_min"": 0.3, ""red_min"": 0.6}"
C000240,Red,0.619,avg_balance_28d=37796.46,29365,18176.94,human_offer,"Hi C000240, based on avg_balance_28d=37796.46 you qualify for support BEFORE your EMI is missed. Choose: payment-holiday (1 EMI pause, no late fee), EMI split x2, tenure +3mo restructure. Reply HOLIDAY / SPLIT / RESTRUCTURE.",discipline+borrowing,False,sklearn_hgb,"{""amber_min"": 0.3, ""red_min"": 0.6}"
C001281,Red,0.9583,pressure on cash-flow,18700,17920.21,human_offer,"Hi C001281, based on pressure on cash-flow you qualify for support BEFORE your EMI is missed. Choose: payment-holiday (1 EMI pause, no late fee), EMI split x2, tenure +3mo restructure. Reply HOLIDAY / SPLIT / RESTRUCTURE.",discipline+behavioral,False,sklearn_hgb,"{""amber_min"": 0.3, ""red_min"": 0.6}"
C000249,Red,0.7342,avg_balance_28d=25256.67,24339,17869.69,human_offer,"Hi C000249, based on avg_balance_28d=25256.67 you qualify for support BEFORE your EMI is missed. Choose: payment-holiday (1 EMI pause, no late fee), EMI split x2, tenure +3mo restructure. Reply HOLIDAY / SPLIT / RESTRUCTURE.",discipline+behavioral,False,sklearn_hgb,"{""amber_min"": 0.3, ""red_min"": 0.6}"
C000836,Red,0.8511,pressure on cash-flow,20961,17839.91,human_offer,"Hi C000836, based on pressure on cash-flow you qualify for support BEFORE your EMI is missed. Choose: payment-holiday (1 EMI pause, no late fee), EMI split x2, tenure +3mo restructure. Reply HOLIDAY / SPLIT / RESTRUCTURE.",liquidity+behavioral,False,sklearn_hgb,"{""amber_min"": 0.3, ""red_min"": 0.6}"
C000856,Red,0.619,pressure on cash-flow,27621,17097.4,human_offer,"Hi C000856, based on pressure on cash-flow you qualify for support BEFORE your EMI is missed. Choose: payment-holiday (1 EMI pause, no late fee), EMI split x2, tenure +3mo restructure. Reply HOLIDAY / SPLIT / RESTRUCTURE.",discipline+behavioral,False,sklearn_hgb,"{""amber_min"": 0.3, ""red_min"": 0.6}"
C001725,Red,0.619,pressure on cash-flow,27610,17090.59,human_offer,"Hi C001725, based on pressure on cash-flow you qualify for support BEFORE your EMI is missed. Choose: payment-holiday (1 EMI pause, no late fee), EMI split x2, tenure +3mo restructure. Reply HOLIDAY / SPLIT / RESTRUCTURE.",discipline+behavioral,False,sklearn_hgb,"{""amber_min"": 0.3, ""red_min"": 0.6}"
C000796,Red,0.9286,pressure on cash-flow,18089,16797.45,human_offer,"Hi C000796, based on pressure on cash-flow you qualify for support BEFORE your EMI is missed. Choose: payment-holiday (1 EMI pause, no late fee), EMI split x2, tenure +3mo restructure. Reply HOLIDAY / SPLIT / RESTRUCTURE.",liquidity+discipline+behavioral,False,sklearn_hgb,"{""amber_min"": 0.3, ""red_min"": 0.6}"
C000790,Red,0.619,pressure on cash-flow,26596,16462.92,human_offer,"Hi C000790, based on pressure on cash-flow you qualify for support BEFORE your EMI is missed. Choose: payment-holiday (1 EMI pause, no late fee), EMI split x2, tenure +3mo restructure. Reply HOLIDAY / SPLIT / RESTRUCTURE.",discipline+behavioral,False,sklearn_hgb,"{""amber_min"": 0.3, ""red_min"": 0.6}"
C000157,Red,0.9286,avg_balance_28d=-44250.91,17249,16017.42,human_offer,"Hi C000157, based on avg_balance_28d=-44250.91 you qualify for support BEFORE your EMI is missed. Choose: payment-holiday (1 EMI pause, no late fee), EMI split x2, tenure +3mo restructure. Reply HOLIDAY / SPLIT / RESTRUCTURE.",liquidity+discipline+borrowing,False,sklearn_hgb,"{""amber_min"": 0.3, ""red_min"": 0.6}"
C001076,Red,0.7342,pressure on cash-flow,21788,15996.75,human_offer,"Hi C001076, based on pressure on cash-flow you qualify for support BEFORE your EMI is missed. Choose: payment-holiday (1 EMI pause, no late fee), EMI split x2, tenure +3mo restructure. Reply HOLIDAY / SPLIT / RESTRUCTURE.",discipline+behavioral,False,sklearn_hgb,"{""amber_min"": 0.3, ""red_min"": 0.6}"
C000372,Red,0.9583,avg_balance_28d=18650.30,16535,15845.49,human_offer,"Hi C000372, based on avg_balance_28d=18650.30 you qualify for support BEFORE your EMI is missed. Choose: payment-holiday (1 EMI pause, no late fee), EMI split x2, tenure +3mo restructure. Reply HOLIDAY / SPLIT / RESTRUCTURE.",liquidity+discipline+behavioral,False,sklearn_hgb,"{""amber_min"": 0.3, ""red_min"": 0.6}"
C000317,Red,0.7342,avg_balance_28d=20704.56,20933,15369.01,human_offer,"Hi C000317, based on avg_balance_28d=20704.56 you qualify for support BEFORE your EMI is missed. Choose: payment-holiday (1 EMI pause, no late fee), EMI split x2, tenure +3mo restructure. Reply HOLIDAY / SPLIT / RESTRUCTURE.",discipline+behavioral,False,sklearn_hgb,"{""amber_min"": 0.3, ""red_min"": 0.6}"
C000431,Red,0.7342,avg_balance_28d=8646.66,20705,15201.61,human_offer,"Hi C000431, based on avg_balance_28d=8646.66 you qualify for support BEFORE your EMI is missed. Choose: payment-holiday (1 EMI pause, no late fee), EMI split x2, tenure +3mo restructure. Reply HOLIDAY / SPLIT / RESTRUCTURE.",discipline+borrowing+behavioral,False,sklearn_hgb,"{""amber_min"": 0.3, ""red_min"": 0.6}"
C000446,Red,0.7342,avg_balance_28d=32645.64,20212,14839.65,human_offer,"Hi C000446, based on avg_balance_28d=32645.64 you qualify for support BEFORE your EMI is missed. Choose: payment-holiday (1 EMI pause, no late fee), EMI split x2, tenure +3mo restructure. Reply HOLIDAY / SPLIT / RESTRUCTURE.",liquidity+discipline,False,sklearn_hgb,"{""amber_min"": 0.3, ""red_min"": 0.6}"
C001504,Red,0.9688,pressure on cash-flow,15231,14755.79,human_offer,"Hi C001504, based on pressure on cash-flow you qualify for support BEFORE your EMI is missed. Choose: payment-holiday (1 EMI pause, no late fee), EMI split x2, tenure +3mo restructure. Reply HOLIDAY / SPLIT / RESTRUCTURE.",liquidity+discipline+cash,False,sklearn_hgb,"{""amber_min"": 0.3, ""red_min"": 0.6}"
C000215,Red,0.9688,avg_balance_28d=17021.25,15082,14611.44,human_offer,"Hi C000215, based on avg_balance_28d=17021.25 you qualify for support BEFORE your EMI is missed. Choose: payment-holiday (1 EMI pause, no late fee), EMI split x2, tenure +3mo restructure. Reply HOLIDAY / SPLIT / RESTRUCTURE.",discipline+borrowing+behavioral,False,sklearn_hgb,"{""amber_min"": 0.3, ""red_min"": 0.6}"
C000485,Red,0.9286,avg_balance_28d=26579.51,15708,14586.45,human_offer,"Hi C000485, based on avg_balance_28d=26579.51 you qualify for support BEFORE your EMI is missed. Choose: payment-holiday (1 EMI pause, no late fee), EMI split x2, tenure +3mo restructure. Reply HOLIDAY / SPLIT / RESTRUCTURE.",liquidity+discipline,False,sklearn_hgb,"{""amber_min"": 0.3, ""red_min"": 0.6}"
C000258,Red,0.619,avg_balance_28d=38238.29,22770,14094.63,human_offer,"Hi C000258, based on avg_balance_28d=38238.29 you qualify for support BEFORE your EMI is missed. Choose: payment-holiday (1 EMI pause, no late fee), EMI split x2, tenure +3mo restructure. Reply HOLIDAY / SPLIT / RESTRUCTURE.",liquidity+behavioral,False,sklearn_hgb,"{""amber_min"": 0.3, ""red_min"": 0.6}"
C000821,Red,0.9688,pressure on cash-flow,14367,13918.75,human_offer,"Hi C000821, based on pressure on cash-flow you qualify for support BEFORE your EMI is missed. Choose: payment-holiday (1 EMI pause, no late fee), EMI split x2, tenure +3mo restructure. Reply HOLIDAY / SPLIT / RESTRUCTURE.",liquidity+discipline,False,sklearn_hgb,"{""amber_min"": 0.3, ""red_min"": 0.6}"
C000136,Red,0.7342,avg_balance_28d=24044.41,18539,13611.33,human_offer,"Hi C000136, based on avg_balance_28d=24044.41 you qualify for support BEFORE your EMI is missed. Choose: payment-holiday (1 EMI pause, no late fee), EMI split x2, tenure +3mo restructure. Reply HOLIDAY / SPLIT / RESTRUCTURE.",discipline+behavioral,False,sklearn_hgb,"{""amber_min"": 0.3, ""red_min"": 0.6}"
C000991,Red,0.9688,pressure on cash-flow,13767,13337.47,human_offer,"Hi C000991, based on pressure on cash-flow you qualify for support BEFORE your EMI is missed. Choose: payment-holiday (1 EMI pause, no late fee), EMI split x2, tenure +3mo restructure. Reply HOLIDAY / SPLIT / RESTRUCTURE.",discipline+borrowing,False,sklearn_hgb,"{""amber_min"": 0.3, ""red_min"": 0.6}"
C000928,Red,0.8511,pressure on cash-flow,15319,13038.0,human_offer,"Hi C000928, based on pressure on cash-flow you qualify for support BEFORE your EMI is missed. Choose: payment-holiday (1 EMI pause, no late fee), EMI split x2, tenure +3mo restructure. Reply HOLIDAY / SPLIT / RESTRUCTURE.",liquidity+discipline+cash,False,sklearn_hgb,"{""amber_min"": 0.3, ""red_min"": 0.6}"
C000143,Red,0.7342,avg_balance_28d=23789.60,17027,12501.22,human_offer,"Hi C000143, based on avg_balance_28d=23789.60 you qualify for support BEFORE your EMI is missed. Choose: payment-holiday (1 EMI pause, no late fee), EMI split x2, tenure +3mo restructure. Reply HOLIDAY / SPLIT / RESTRUCTURE.",discipline+behavioral,False,sklearn_hgb,"{""amber_min"": 0.3, ""red_min"": 0.6}"
C000111,Red,0.8511,avg_balance_28d=25227.35,14613,12437.12,human_offer,"Hi C000111, based on avg_balance_28d=25227.35 you qualify for support BEFORE your EMI is missed. Choose: payment-holiday (1 EMI pause, no late fee), EMI split x2, tenure +3mo restructure. Reply HOLIDAY / SPLIT / RESTRUCTURE.",liquidity+discipline+cash,False,sklearn_hgb,"{""amber_min"": 0.3, ""red_min"": 0.6}"
C001442,Red,0.7342,pressure on cash-flow,16553,12153.21,human_offer,"Hi C001442, based on pressure on cash-flow you qualify for support BEFORE your EMI is missed. Choose: payment-holiday (1 EMI pause, no late fee), EMI split x2, tenure +3mo restructure. Reply HOLIDAY / SPLIT / RESTRUCTURE.",liquidity+discipline+cash,False,sklearn_hgb,"{""amber_min"": 0.3, ""red_min"": 0.6}"
C000977,Red,0.619,pressure on cash-flow,19423,12022.84,human_offer,"Hi C000977, based on pressure on cash-flow you qualify for support BEFORE your EMI is missed. Choose: payment-holiday (1 EMI pause, no late fee), EMI split x2, tenure +3mo restructure. Reply HOLIDAY / SPLIT / RESTRUCTURE.",liquidity+discipline+behavioral+cash,False,sklearn_hgb,"{""amber_min"": 0.3, ""red_min"": 0.6}"
C001719,Red,0.8511,pressure on cash-flow,13835,11774.97,human_offer,"Hi C001719, based on pressure on cash-flow you qualify for support BEFORE your EMI is missed. Choose: payment-holiday (1 EMI pause, no late fee), EMI split x2, tenure +3mo restructure. Reply HOLIDAY / SPLIT / RESTRUCTURE.",liquidity+discipline+borrowing,False,sklearn_hgb,"{""amber_min"": 0.3, ""red_min"": 0.6}"
C001548,Red,0.7143,pressure on cash-flow,16266,11618.8,human_offer,"Hi C001548, based on pressure on cash-flow you qualify for support BEFORE your EMI is missed. Choose: payment-holiday (1 EMI pause, no late fee), EMI split x2, tenure +3mo restructure. Reply HOLIDAY / SPLIT / RESTRUCTURE.",behavioral+cash,False,sklearn_hgb,"{""amber_min"": 0.3, ""red_min"": 0.6}"
C001761,Red,0.619,pressure on cash-flow,15904,9844.58,human_offer,"Hi C001761, based on pressure on cash-flow you qualify for support BEFORE your EMI is missed. Choose: payment-holiday (1 EMI pause, no late fee), EMI split x2, tenure +3mo restructure. Reply HOLIDAY / SPLIT / RESTRUCTURE.",discipline+cash,False,sklearn_hgb,"{""amber_min"": 0.3, ""red_min"": 0.6}"
C000255,Red,0.7342,avg_balance_28d=-72893.61,12483,9165.02,human_offer,"Hi C000255, based on avg_balance_28d=-72893.61 you qualify for support BEFORE your EMI is missed. Choose: payment-holiday (1 EMI pause, no late fee), EMI split x2, tenure +3mo restructure. Reply HOLIDAY / SPLIT / RESTRUCTURE.",liquidity+discipline+borrowing,False,sklearn_hgb,"{""amber_min"": 0.3, ""red_min"": 0.6}"
C001910,Red,0.619,pressure on cash-flow,12380,7663.22,human_offer,"Hi C001910, based on pressure on cash-flow you qualify for support BEFORE your EMI is missed. Choose: payment-holiday (1 EMI pause, no late fee), EMI split x2, tenure +3mo restructure. Reply HOLIDAY / SPLIT / RESTRUCTURE.",liquidity+discipline+behavioral,False,sklearn_hgb,"{""amber_min"": 0.3, ""red_min"": 0.6}"
C001962,Red,0.7342,pressure on cash-flow,9724,7139.36,human_offer,"Hi C001962, based on pressure on cash-flow you qualify for support BEFORE your EMI is missed. Choose: payment-holiday (1 EMI pause, no late fee), EMI split x2, tenure +3mo restructure. Reply HOLIDAY / SPLIT / RESTRUCTURE.",liquidity+discipline+borrowing,False,sklearn_hgb,"{""amber_min"": 0.3, ""red_min"": 0.6}"
C001056,Red,0.7342,pressure on cash-flow,9615,7059.33,human_offer,"Hi C001056, based on pressure on cash-flow you qualify for support BEFORE your EMI is missed. Choose: payment-holiday (1 EMI pause, no late fee), EMI split x2, tenure +3mo restructure. Reply HOLIDAY / SPLIT / RESTRUCTURE.",discipline+cash,False,sklearn_hgb,"{""amber_min"": 0.3, ""red_min"": 0.6}"
C001246,Red,0.619,pressure on cash-flow,10740,6648.06,human_offer,"Hi C001246, based on pressure on cash-flow you qualify for support BEFORE your EMI is missed. Choose: payment-holiday (1 EMI pause, no late fee), EMI split x2, tenure +3mo restructure. Reply HOLIDAY / SPLIT / RESTRUCTURE.",discipline+behavioral+cash,False,sklearn_hgb,"{""amber_min"": 0.3, ""red_min"": 0.6}"
C001958,Red,0.8511,pressure on cash-flow,5466,4652.11,human_offer,"Hi C001958, based on pressure on cash-flow you qualify for support BEFORE your EMI is missed. Choose: payment-holiday (1 EMI pause, no late fee), EMI split x2, tenure +3mo restructure. Reply HOLIDAY / SPLIT / RESTRUCTURE.",liquidity+discipline+cash,False,sklearn_hgb,"{""amber_min"": 0.3, ""red_min"": 0.6}"
C000950,Red,0.619,pressure on cash-flow,6993,4328.67,human_offer,"Hi C000950, based on pressure on cash-flow you qualify for support BEFORE your EMI is missed. Choose: payment-holiday (1 EMI pause, no late fee), EMI split x2, tenure +3mo restructure. Reply HOLIDAY / SPLIT / RESTRUCTURE.",liquidity+discipline+borrowing+behavioral,False,sklearn_hgb,"{""amber_min"": 0.3, ""red_min"": 0.6}"
C000852,Amber,0.4444,pressure on cash-flow,37330,16589.45,auto_nudge,"Hi C000852, we noticed pressure on cash-flow. Your EMI of Rs.37330 is due 5th. Need a reminder or a split? Reply REMIND / SPLIT / HOLIDAY.",liquidity+discipline+borrowing,False,sklearn_hgb,"{""amber_min"": 0.3, ""red_min"": 0.6}"
C000537,Amber,0.4444,pressure on cash-flow,37093,16484.13,auto_nudge,"Hi C000537, we noticed pressure on cash-flow. Your EMI of Rs.37093 is due 5th. Need a reminder or a split? Reply REMIND / SPLIT / HOLIDAY.",discipline+behavioral,False,sklearn_hgb,"{""amber_min"": 0.3, ""red_min"": 0.6}"
C001351,Amber,0.4444,pressure on cash-flow,36632,16279.26,auto_nudge,"Hi C001351, we noticed pressure on cash-flow. Your EMI of Rs.36632 is due 5th. Need a reminder or a split? Reply REMIND / SPLIT / HOLIDAY.",liquidity+discipline+behavioral,False,sklearn_hgb,"{""amber_min"": 0.3, ""red_min"": 0.6}"
C001447,Amber,0.4444,pressure on cash-flow,36108,16046.4,auto_nudge,"Hi C001447, we noticed pressure on cash-flow. Your EMI of Rs.36108 is due 5th. Need a reminder or a split? Reply REMIND / SPLIT / HOLIDAY.",liquidity+discipline+behavioral,False,sklearn_hgb,"{""amber_min"": 0.3, ""red_min"": 0.6}"
C001250,Amber,0.4444,pressure on cash-flow,35742,15883.74,auto_nudge,"Hi C001250, we noticed pressure on cash-flow. Your EMI of Rs.35742 is due 5th. Need a reminder or a split? Reply REMIND / SPLIT / HOLIDAY.",discipline+behavioral,False,sklearn_hgb,"{""amber_min"": 0.3, ""red_min"": 0.6}"
C000762,Amber,0.4444,pressure on cash-flow,33272,14786.08,auto_nudge,"Hi C000762, we noticed pressure on cash-flow. Your EMI of Rs.33272 is due 5th. Need a reminder or a split? Reply REMIND / SPLIT / HOLIDAY.",liquidity+discipline,False,sklearn_hgb,"{""amber_min"": 0.3, ""red_min"": 0.6}"
C000183,Amber,0.4444,Low 14d balance Rs.51694,31560,14025.26,auto_nudge,"Hi C000183, we noticed Low 14d balance Rs.51694. Your EMI of Rs.31560 is due 5th. Need a reminder or a split? Reply REMIND / SPLIT / HOLIDAY.",discipline+behavioral,False,sklearn_hgb,"{""amber_min"": 0.3, ""red_min"": 0.6}"
C001357,Amber,0.4444,pressure on cash-flow,31405,13956.38,auto_nudge,"Hi C001357, we noticed pressure on cash-flow. Your EMI of Rs.31405 is due 5th. Need a reminder or a split? Reply REMIND / SPLIT / HOLIDAY.",liquidity+discipline+behavioral,False,sklearn_hgb,"{""amber_min"": 0.3, ""red_min"": 0.6}"
C000942,Amber,0.4444,pressure on cash-flow,27587,12259.66,auto_nudge,"Hi C000942, we noticed pressure on cash-flow. Your EMI of Rs.27587 is due 5th. Need a reminder or a split? Reply REMIND / SPLIT / HOLIDAY.",liquidity+discipline,False,sklearn_hgb,"{""amber_min"": 0.3, ""red_min"": 0.6}"
C001002,Amber,0.4444,pressure on cash-flow,27234,12102.79,auto_nudge,"Hi C001002, we noticed pressure on cash-flow. Your EMI of Rs.27234 is due 5th. Need a reminder or a split? Reply REMIND / SPLIT / HOLIDAY.",discipline+behavioral+cash,False,sklearn_hgb,"{""amber_min"": 0.3, ""red_min"": 0.6}"
C001040,Amber,0.4444,pressure on cash-flow,27170,12074.35,auto_nudge,"Hi C001040, we noticed pressure on cash-flow. Your EMI of Rs.27170 is due 5th. Need a reminder or a split? Reply REMIND / SPLIT / HOLIDAY.",discipline+behavioral,False,sklearn_hgb,"{""amber_min"": 0.3, ""red_min"": 0.6}"
C001090,Amber,0.4444,pressure on cash-flow,25225,11209.99,auto_nudge,"Hi C001090, we noticed pressure on cash-flow. Your EMI of Rs.25225 is due 5th. Need a reminder or a split? Reply REMIND / SPLIT / HOLIDAY.",liquidity+discipline,False,sklearn_hgb,"{""amber_min"": 0.3, ""red_min"": 0.6}"
C000539,Amber,0.4444,pressure on cash-flow,22163,9849.24,auto_nudge,"Hi C000539, we noticed pressure on cash-flow. Your EMI of Rs.22163 is due 5th. Need a reminder or a split? Reply REMIND / SPLIT / HOLIDAY.",liquidity+discipline,False,sklearn_hgb,"{""amber_min"": 0.3, ""red_min"": 0.6}"
C000890,Amber,0.4444,pressure on cash-flow,21654,9623.04,auto_nudge,"Hi C000890, we noticed pressure on cash-flow. Your EMI of Rs.21654 is due 5th. Need a reminder or a split? Reply REMIND / SPLIT / HOLIDAY.",discipline+behavioral,False,sklearn_hgb,"{""amber_min"": 0.3, ""red_min"": 0.6}"
C001011,Amber,0.4444,pressure on cash-flow,17688,7860.55,auto_nudge,"Hi C001011, we noticed pressure on cash-flow. Your EMI of Rs.17688 is due 5th. Need a reminder or a split? Reply REMIND / SPLIT / HOLIDAY.",discipline+behavioral,False,sklearn_hgb,"{""amber_min"": 0.3, ""red_min"": 0.6}"
C001104,Amber,0.4444,pressure on cash-flow,16575,7365.93,auto_nudge,"Hi C001104, we noticed pressure on cash-flow. Your EMI of Rs.16575 is due 5th. Need a reminder or a split? Reply REMIND / SPLIT / HOLIDAY.",behavioral+cash,False,sklearn_hgb,"{""amber_min"": 0.3, ""red_min"": 0.6}"
C000147,Amber,0.3,avg_balance_28d=40840.45,22700,6810.0,auto_nudge,"Hi C000147, we noticed avg_balance_28d=40840.45. Your EMI of Rs.22700 is due 5th. Need a reminder or a split? Reply REMIND / SPLIT / HOLIDAY.",liquidity+discipline+borrowing,False,sklearn_hgb,"{""amber_min"": 0.3, ""red_min"": 0.6}"
C001015,Amber,0.3571,pressure on cash-flow,19000,6784.9,auto_nudge,"Hi C001015, we noticed pressure on cash-flow. Your EMI of Rs.19000 is due 5th. Need a reminder or a split? Reply REMIND / SPLIT / HOLIDAY.",liquidity+discipline+behavioral+cash,False,sklearn_hgb,"{""amber_min"": 0.3, ""red_min"": 0.6}"
